"Profit_Simulations_SPWL[1, ]"
0
239007556.712001
300313752.765178
365818275.068445
435470742.796616
509209318.449215
586959817.38597
668637238.832312
754144775.210984
843375616.431082
936211781.795415
1032526445.7738
1132184480.47794
1235043671.35716
1340953198.4403
1449756600.24154
1561291141.01141
1675389088.32609
1791878711.1976
1910583839.6032
2031325745.79704
