"Profit_Simulations[1, ]"
0
346525921.631873
409506730.885704
467219687.790841
548229963.609096
621814211.874446
703327505.303746
791040934.71698
875828712.428782
968456134.033509
1061752590.74869
1172175085.50926
1265135402.00677
1382528864.41644
1494688381.99217
1608724799.27464
1717836376.92814
1837147702.77502
1966370391.49142
2099792953.9671
2220541625.75042
