"Profit_Simulations[1, ]"
0
344461557.814037
405189714.101948
460468589.090701
538859387.495596
609573608.402676
687949795.301227
772197400.882567
853158573.376818
941660779.186944
1030461589.53768
1135993809.60172
1223592803.13246
1335271484.14406
1441157536.77867
1548483860.30586
1650459716.15573
1762188113.4852
1883177404.38201
2007594782.46769
2118734604.83673
